,City,Cloudiness,Country,Date,Humidity,Lat,Lng,Max Temp,Wind Speed
0,Husavik,32,IS,1625807456,76,66.0449,-17.3389,54.81,2.51
1,Karasburg,80,NA,1625807458,71,-28.0167,18.75,45.32,4.63
2,Atuona,7,PF,1625807460,74,-9.8,-139.0333,78.55,18.95
3,Castro,0,BR,1625807462,92,-24.7911,-50.0119,45.84,3.76
4,Kapaa,40,US,1625807464,78,22.0752,-159.319,80.92,3.0
5,Punta Arenas,0,CL,1625807466,86,-53.15,-70.9167,33.82,5.75
6,Lata,0,PT,1625807467,88,40.1629,-8.3327,57.81,3.0
7,Lima,90,PE,1625807305,77,-12.0432,-77.0282,61.05,9.22
8,Naryan-Mar,67,RU,1625807471,67,67.6713,53.087,71.56,20.62
9,Rocha,6,UY,1625807473,82,-34.4833,-54.3333,53.76,8.52
10,Upernavik,33,GL,1625807475,88,72.7868,-56.1549,35.11,11.5
11,Santa Rosa,94,PH,1625807477,68,14.3122,121.1114,88.86,12.39
12,Līsakovsk,92,KZ,1625807478,34,52.5369,62.4936,73.85,28.21
13,Chui,3,UY,1625807480,91,-33.6971,-53.4616,53.06,5.75
14,Busselton,69,AU,1625807467,84,-33.65,115.3333,54.05,25.01
15,Zhigalovo,44,RU,1625807485,34,54.8097,105.1578,70.65,7.23
16,Albany,100,US,1625807238,95,42.6001,-73.9662,69.73,6.49
17,Muros,15,ES,1625807488,89,42.7762,-9.0603,59.85,8.43
18,Hithadhoo,100,MV,1625807490,73,-0.6,73.0833,84.31,15.32
19,Mataura,100,NZ,1625807492,90,-46.1927,168.8643,37.08,10.36
20,Peterhead,100,GB,1625807494,98,57.5058,-1.7981,55.8,2.86
21,Belomorsk,81,RU,1625807496,46,64.5232,34.7668,72.45,8.81
22,Bilibino,100,RU,1625807498,40,68.0546,166.4372,66.85,4.34
23,Dikson,100,RU,1625807501,97,73.5069,80.5464,36.95,19.66
24,Grand Gaube,89,MU,1625807503,71,-20.0064,57.6608,76.37,8.99
25,São José da Coroa Grande,18,BR,1625807505,85,-8.8978,-35.1478,73.51,4.85
26,Isangel,62,VU,1625807507,64,-19.55,169.2667,73.31,11.9
27,Cam Ranh,40,VN,1625807509,62,11.9214,109.1591,87.76,10.36
28,Bariloche,40,AR,1625807511,81,-41.1456,-71.3082,38.95,13.8
29,New Norfolk,26,AU,1625807513,54,-42.7826,147.0587,51.75,1.05
30,Nalgonda,100,IN,1625807515,77,17.05,79.2667,80.26,5.19
31,Ribeira Grande,3,PT,1625807516,92,38.5167,-28.7,70.45,7.99
32,Nikolskoye,17,RU,1625807518,83,59.7035,30.7861,75.4,2.91
33,Bluff,88,NZ,1625807520,74,-46.6,168.3333,41.32,25.66
34,Bhadrāchalam,87,IN,1625807522,54,17.6667,80.8833,91.17,2.28
35,Severo-Yeniseyskiy,100,RU,1625807524,57,60.3725,93.0408,60.37,4.0
36,Jumla,99,NP,1625807526,63,29.2747,82.1838,73.31,4.94
37,Bosaso,100,SO,1625807528,41,11.2842,49.1816,89.85,23.24
38,Lebu,99,CL,1625807530,90,-37.6167,-73.65,51.87,7.54
39,Chinhoyi,0,ZW,1625807532,66,-17.3667,30.2,49.17,3.22
40,Fortuna,90,US,1625807534,93,40.5982,-124.1573,56.66,6.91
41,Peniche,1,PT,1625807536,90,39.3558,-9.3811,62.73,18.84
42,Nhulunbuy,40,AU,1625807538,65,-12.2333,136.7667,83.01,17.27
43,Sechura,12,PE,1625807540,78,-5.5569,-80.8222,66.99,10.6
44,Ushuaia,40,AR,1625807542,65,-54.8,-68.3,38.86,3.44
45,Mehamn,75,NO,1625807544,81,71.0357,27.8492,49.95,14.97
46,Tezu,100,IN,1625807546,64,27.9167,96.1667,88.84,2.1
47,Gemena,80,CD,1625807548,91,3.25,19.7667,69.17,1.97
48,Hilo,1,US,1625807550,80,19.7297,-155.09,77.29,3.44
49,Katsuura,97,JP,1625807552,89,35.1333,140.3,80.62,4.74
50,Rikitea,37,PF,1625807554,78,-23.1203,-134.9692,74.07,13.62
51,Flinders,100,AU,1625807556,85,-34.5833,150.8552,56.37,1.01
52,Hobart,20,AU,1625807459,65,-42.8794,147.3294,52.11,1.01
53,Cape Town,35,ZA,1625807455,93,-33.9258,18.4232,50.11,6.93
54,Gurupi,49,BR,1625807561,32,-11.7292,-49.0686,73.62,4.27
55,Timrå,20,SE,1625807563,77,62.487,17.3257,66.67,5.75
56,Airai,69,TL,1625807565,43,-8.9266,125.4092,75.38,3.74
57,Faya,16,SA,1625807567,27,18.3851,42.4509,75.72,9.42
58,Butaritari,28,KI,1625807569,76,3.0707,172.7902,83.61,18.16
59,Klaksvík,83,FO,1625807571,86,62.2266,-6.589,52.72,3.42
60,Ayotzintepec,100,MX,1625807575,97,17.6667,-96.1333,74.68,3.36
61,Mamlyutka,97,KZ,1625807576,40,54.9375,68.5394,77.02,9.04
62,Hong Kong,7,HK,1625807295,72,22.2855,114.1577,91.96,1.01
63,Provideniya,75,RU,1625807580,76,64.3833,-173.3,50.11,8.95
64,Severnyy,0,RU,1625807582,64,50.677,36.5532,69.84,6.71
65,Port Hedland,0,AU,1625807584,20,-20.3167,118.5667,82.45,9.22
66,São João da Barra,8,BR,1625807586,94,-21.6403,-41.0511,63.93,6.24
67,Cimişlia,1,MD,1625807588,68,46.52,28.7842,69.94,7.83
68,Thompson,82,CA,1625807590,52,55.7435,-97.8558,67.5,4.7
69,Yangi Marg`ilon,0,UZ,1625807592,26,40.4272,71.7189,93.92,13.8
70,Khovu-Aksy,63,RU,1625807594,44,51.1333,93.6,66.36,3.8
71,Fallon,6,US,1625807596,12,39.4735,-118.7774,88.29,7.78
72,Taywarah,0,AF,1625807598,15,33.35,64.4167,75.36,9.73
73,Tiznit Province,0,MA,1625807600,63,29.5833,-9.5,67.3,1.23
74,Portland,20,US,1625807324,68,45.5234,-122.6762,70.45,1.01
75,Tuktoyaktuk,86,CA,1625807603,80,69.4541,-133.0374,48.52,3.76
76,Tabou,99,CI,1625807605,85,4.423,-7.3528,76.26,9.28
77,Hermanus,8,ZA,1625807607,77,-34.4187,19.2345,49.89,13.15
78,Nānākuli,1,US,1625807609,63,21.3906,-158.1547,81.99,5.75
79,Rocky Mountain House,1,CA,1625807611,82,52.3668,-114.9188,61.83,7.09
80,Saldanha,14,ZA,1625807613,64,-33.0117,17.9442,53.67,5.14
81,Kaitangata,80,NZ,1625807615,74,-46.2817,169.8464,39.92,18.05
82,Bredasdorp,8,ZA,1625807617,82,-34.5322,20.0403,43.29,7.58
83,Tsuruoka,100,JP,1625807619,73,38.7217,139.8217,80.13,10.94
84,Asău,0,RO,1625807620,78,46.4333,26.4,74.75,0.65
85,Bambous Virieux,98,MU,1625807622,78,-20.3428,57.7575,76.21,23.35
86,Margate,10,GB,1625807624,96,51.3813,1.3862,60.69,1.01
87,Samagaltay,90,RU,1625807626,30,50.6022,95.0047,70.27,3.06
88,Hasaki,78,JP,1625807628,86,35.7333,140.8333,77.4,7.63
89,Shimoda,80,JP,1625807630,84,34.6667,138.95,77.36,4.14
90,Namtsy,73,RU,1625807632,28,62.7161,129.6658,82.51,16.04
91,Arraial do Cabo,1,BR,1625807634,87,-22.9661,-42.0278,66.87,4.05
92,Ancud,100,CL,1625807636,79,-41.8697,-73.8203,46.22,20.11
93,Yilan,13,TW,1625807638,57,24.757,121.753,98.46,8.59
94,Placerville,1,US,1625807640,28,38.7296,-120.7986,87.03,0.0
95,Mar del Plata,100,AR,1625807642,63,-38.0023,-57.5575,55.13,5.01
96,Clyde River,90,CA,1625807643,93,70.4692,-68.5914,34.03,12.66
97,Puerto Ayora,66,EC,1625807645,87,-0.7393,-90.3518,71.56,9.73
98,Tautira,1,PF,1625807647,73,-17.7333,-149.15,78.82,10.78
99,Beyla,67,GN,1625807649,95,8.6833,-8.6333,68.25,5.84
100,San Patricio,100,US,1625807651,90,28.017,-97.5169,82.27,12.24
101,Nagato,100,JP,1625807653,95,34.3833,131.2,76.73,8.5
102,Bemidji,1,US,1625807640,90,47.4736,-94.8803,56.64,0.0
103,Moindou,15,NC,1625807657,57,-21.6924,165.677,76.95,5.37
104,Tilichiki,0,RU,1625807659,49,60.4667,166.1,68.67,14.29
105,Boden,0,SE,1625807660,52,65.8252,21.6886,66.2,3.8
106,Mahébourg,98,MU,1625807662,79,-20.4081,57.7,76.24,23.73
107,Ivanovice na Hané,92,CZ,1625807665,91,49.3054,17.0934,71.89,3.29
108,Guiratinga,0,BR,1625807667,37,-16.3494,-53.7583,62.73,4.88
109,Erbil,0,IQ,1625807669,14,36.1926,44.0106,96.62,5.75
110,Ahipara,10,NZ,1625807671,79,-35.1667,173.1667,55.22,13.24
111,Khatanga,100,RU,1625807673,56,71.9667,102.5,42.26,14.43
112,Hangu,47,CN,1625807675,60,39.2489,117.7892,86.04,4.7
113,Poum,46,NC,1625807677,68,-20.2333,164.0167,73.04,16.51
114,Avarua,75,CK,1625807679,88,-21.2078,-159.775,75.25,2.3
115,George Town,20,MY,1625807636,74,5.4112,100.3354,85.95,3.44
116,Nome,90,US,1625807682,87,64.5011,-165.4064,48.27,4.61
117,Port Alberni,14,CA,1625807685,82,49.2413,-124.8028,67.14,4.92
118,Bethel,90,US,1625807687,94,41.3712,-73.414,71.56,3.44
119,Rundu,0,NA,1625807689,55,-17.9333,19.7667,46.78,5.1
120,Yellowknife,0,CA,1625807411,46,62.456,-114.3525,73.56,8.01
121,Biak,92,ID,1625807693,75,-0.9131,122.8766,81.01,9.69
122,Jamestown,90,US,1625807542,97,42.097,-79.2353,69.12,1.99
123,Huarmey,8,PE,1625807696,86,-10.0681,-78.1522,63.07,6.69
124,Longyearbyen,75,SJ,1625807698,87,78.2186,15.6401,40.84,13.8
125,Ambovombe,0,MG,1625807700,74,-25.1667,46.0833,66.2,5.86
126,Severo-Kuril'sk,100,RU,1625807702,85,50.6789,156.125,51.33,13.35
127,Hinton,71,CA,1625807705,54,53.4001,-117.5857,66.11,1.28
128,Kavieng,60,PG,1625807707,69,-2.5744,150.7967,85.03,13.33
129,Tavatuy,14,RU,1625807709,46,57.0703,60.1336,76.12,5.01
130,Pecos,1,US,1625807696,47,31.4229,-103.4932,83.3,9.22
131,Ambulu,28,ID,1625807712,72,-8.345,113.6058,83.93,7.63
132,Port Alfred,49,ZA,1625807714,63,-33.5906,26.891,53.83,19.66
133,Parczew,0,PL,1625807716,77,51.6402,22.9006,72.25,11.7
134,Nicolás Bravo,77,MX,1625807718,98,18.45,-88.9167,80.96,4.54
135,Alice Springs,0,AU,1625807614,23,-23.7,133.8833,69.35,8.05
136,Dolgoye,42,RU,1625807721,68,52.8,37.2167,70.48,5.79
137,Sakakah,0,SA,1625807723,12,29.9697,40.2064,94.39,5.97
138,Bereda,35,ES,1625807725,99,43.2686,-7.5406,57.92,1.57
139,Tura,87,IN,1625807727,65,25.5198,90.2201,86.74,4.5
140,Vaini,75,TO,1625807729,68,-21.2,-175.2,71.76,8.05
141,Simao,87,CN,1625807731,74,22.7886,100.9748,76.24,4.07
142,Talnakh,97,RU,1625807733,36,69.4865,88.3972,54.01,5.77
143,Ilulissat,0,GL,1625807736,52,69.2167,-51.1,42.82,9.22
144,Luanda,40,AO,1625807738,88,-8.8368,13.2343,69.8,6.91
145,Carnarvon,2,AU,1625807466,56,-24.8667,113.6333,66.97,8.19
146,Quang Ngai,55,VN,1625807741,53,15.1167,108.8,91.13,11.83
147,Padang,23,ID,1625807744,67,-0.9492,100.3543,86.05,5.06
148,Barrow,90,US,1625807746,87,71.2906,-156.7887,35.62,11.5
149,Qaanaaq,100,GL,1625807748,97,77.484,-69.3632,34.75,4.52
150,Methóni,0,GR,1625807750,66,36.8197,21.7049,80.22,3.58
151,Nishihara,75,JP,1625807752,72,26.1842,127.7558,89.26,8.05
152,Santa Maria,0,BR,1625807755,91,-29.6842,-53.8069,54.88,4.16
153,Mahanoro,92,MG,1625807757,87,-19.9,48.8,67.14,5.14
154,Rāzole,36,IN,1625807758,45,16.4833,81.8333,88.09,7.2
155,Vestmannaeyjar,96,IS,1625807760,94,63.4427,-20.2734,52.88,9.48
156,Kavaratti,100,IN,1625807762,78,10.5669,72.642,82.83,22.19
157,Leshukonskoye,87,RU,1625807764,55,64.8989,45.7622,74.93,9.82
158,Sept-Îles,75,CA,1625807767,87,50.2001,-66.3821,51.06,5.01
159,Kruisfontein,9,ZA,1625807769,57,-34.0033,24.7314,47.88,14.38
160,Coos Bay,75,US,1625807771,85,43.3665,-124.2179,58.23,9.22
161,Saint Anthony,20,US,1625807772,77,45.0205,-93.218,66.52,1.01
162,Dergaon,92,IN,1625807775,70,26.7,93.9667,88.93,3.87
163,Riyadh,0,SA,1625807777,9,24.6877,46.7219,95.14,3.36
164,Hamilton,20,US,1625807700,93,39.1834,-84.5333,73.62,1.01
165,Mbanza-Ngungu,25,CD,1625807780,96,-5.25,14.8667,60.4,3.69
166,Cheremnoye,27,RU,1625807782,50,53.1697,83.2133,72.19,10.56
167,Saint-Philippe,95,RE,1625807784,85,-21.3585,55.7679,75.47,18.3
168,Inverell,93,AU,1625807786,82,-29.7833,151.1167,55.67,3.0
169,Agadez,33,NE,1625807788,40,19.75,10.25,82.56,7.34
170,Ipixuna,77,BR,1625807790,97,-1.7625,-48.8043,76.95,3.29
171,Solnechnyy,41,RU,1625807792,58,50.7214,136.6319,80.49,9.53
172,Temozon,100,MX,1625807793,89,20.8,-88.2167,76.55,4.85
173,Artvin Province,60,TR,1625807795,66,41.1667,41.8333,65.48,1.77
174,Khasan,100,RU,1625807797,96,42.4308,130.6434,65.12,9.46
175,Ishigaki,40,JP,1625807799,70,24.3448,124.1572,89.73,12.66
176,Hobyo,61,SO,1625807801,69,5.3505,48.5268,79.05,26.78
177,Guerrero Negro,38,MX,1625807803,82,27.9769,-114.0611,68.07,11.01
178,Kalmunai,33,LK,1625807805,56,7.4167,81.8167,89.42,2.35
179,Vostok,81,RU,1625807807,70,46.4856,135.8833,73.11,3.67
180,Inírida,99,CO,1625807809,99,3.8653,-67.9239,72.16,1.43
181,Cherskiy,97,RU,1625807810,40,68.75,161.3,71.17,13.58
182,Nieuw Amsterdam,89,SR,1625807812,93,5.8833,-55.0833,77.02,6.42
183,Port Elizabeth,29,ZA,1625807601,60,-33.918,25.5701,50.09,16.08
184,Obsharovka,5,RU,1625807816,54,53.125,48.8531,77.36,11.95
185,St. George's,100,GD,1625807818,77,12.0564,-61.7485,79.7,18.99
186,Ponta do Sol,10,PT,1625807820,73,32.6667,-17.1,69.01,7.83
187,Cedar City,1,US,1625807667,13,37.6775,-113.0619,83.37,6.91
188,Agua Verde,65,MX,1625807823,79,22.9,-106.05,82.13,4.23
189,Pisco,1,PE,1625807825,87,-13.7,-76.2167,57.02,4.61
190,Wawa,78,NG,1625807827,87,9.9022,4.4192,73.9,7.27
191,Marathon,40,US,1625807830,90,44.9,-89.7668,58.95,5.75
192,Galesong,76,ID,1625807832,71,-5.3166,119.3661,87.82,3.83
193,Bihārīganj,77,IN,1625807835,61,25.7333,86.9833,90.48,11.43
194,Labuhan,80,ID,1625807837,62,-6.8844,112.2051,86.34,8.3
195,Iralaya,8,HN,1625807839,85,15.0,-83.2333,80.89,15.48
196,Touros,25,BR,1625807841,92,-5.1989,-35.4608,74.3,10.94
197,Yantzaza,66,EC,1625807843,98,-3.8278,-78.7594,64.74,0.98
198,Roseville,1,US,1625807844,31,38.7521,-121.288,89.83,1.99
199,Chicama,34,PE,1625807846,88,-7.8447,-79.1469,63.23,4.21
200,Kenai,1,US,1625807848,77,60.5544,-151.2583,53.65,12.66
201,Munteni Buzău,0,RO,1625807850,75,44.6333,26.9833,76.37,7.18
202,Saint George,1,US,1625807852,17,37.1041,-113.5841,100.35,1.99
203,Mazamari,89,PE,1625807854,76,-11.3258,-74.5308,72.32,0.34
204,Gao,100,ML,1625807856,69,16.6362,1.637,76.91,26.02
205,Snyder,1,US,1625807858,78,32.7179,-100.9176,77.14,8.05
206,Kropotkin,0,RU,1625807860,49,45.4375,40.5756,72.99,12.66
207,Marolambo,100,MG,1625807861,95,-20.05,48.1167,61.18,2.01
208,Lorengau,43,PG,1625807864,72,-2.0226,147.2712,84.02,8.25
209,Khandyga,6,RU,1625807866,31,62.6667,135.6,85.42,8.19
210,Jiuquan,100,CN,1625807868,24,39.7432,98.5174,85.84,6.38
211,Belfast,75,GB,1625807870,95,54.5833,-5.9333,57.79,2.3
212,Shelburne,100,CA,1625807710,100,44.0787,-80.2041,61.29,5.32
213,Solok,42,ID,1625807873,56,-0.7918,100.6593,81.55,2.39
214,Kočevje,11,SI,1625807875,85,45.6433,14.8633,72.52,3.0
215,Udachny,100,RU,1625807877,89,66.4167,112.4,44.8,19.15
216,Patacamaya,0,BO,1625807879,70,-17.2333,-67.9167,41.94,3.71
217,Saint Paul Harbor,90,US,1625807881,71,57.79,-152.4072,54.91,0.0
218,Garoowe,72,SO,1625807883,52,8.4054,48.4845,77.95,30.62
219,Katete,88,UG,1625807885,75,-0.7818,29.7544,63.81,1.01
220,Onega,84,RU,1625807887,75,63.9061,38.1404,64.83,6.6
221,Pinotepa Nacional,100,MX,1625807888,92,16.3167,-98.0167,76.01,3.49
222,Zyryanovsk,77,KZ,1625807890,54,49.7386,84.2719,77.45,3.22
223,Nyurba,94,RU,1625807892,34,63.2842,118.3319,73.36,16.35
224,Aksu,0,CN,1625807894,24,41.1231,80.2644,89.08,8.34
225,Waitati,96,NZ,1625807896,57,-45.75,170.5667,42.8,17.11
226,San Juan de los Lagos,99,MX,1625807898,87,21.25,-102.3,63.7,4.85
227,Betioky,0,MG,1625807900,55,-23.7167,44.3833,65.46,10.22
228,Palu,100,ID,1625807813,91,-0.8917,119.8707,80.76,3.18
229,Nadym,72,RU,1625807903,39,65.5333,72.5167,71.1,17.67
230,Wahiawā,1,US,1625807905,71,21.5028,-158.0236,78.76,6.91
231,Ialibu,39,PG,1625807907,85,-6.2821,143.9935,65.03,3.13
232,Matara,87,LK,1625807909,82,5.9485,80.5353,82.15,13.13
233,Kuytun,18,RU,1625807911,44,54.3419,101.5036,66.56,0.83
234,Hofn,25,IS,1625807913,84,64.2539,-15.2082,52.3,1.74
235,Constitución,100,CL,1625807915,92,-35.3333,-72.4167,50.5,8.84
236,Maputo,0,MZ,1625807695,85,-25.9653,32.5892,61.23,8.99
237,Boddam,100,GB,1625807919,97,57.4667,-1.7833,56.39,2.17
238,Berlevåg,75,NO,1625807921,93,70.8578,29.0864,53.4,19.57
239,Srednekolymsk,91,RU,1625807923,31,67.45,153.6833,90.73,9.57
240,Yenagoa,99,NG,1625807926,93,4.9247,6.2642,73.99,2.86
241,Lakselv,75,NO,1625807928,82,70.0513,24.9718,57.02,9.22
242,Bell Ville,4,AR,1625807929,67,-32.6259,-62.6887,60.96,10.0
243,Ciudad del Carmen,100,MX,1625807931,70,18.6333,-91.8333,85.41,15.08
244,East London,0,ZA,1625807933,54,-33.0153,27.9116,56.34,12.66
245,Senica,74,SK,1625807935,74,48.6792,17.367,76.78,3.44
246,Caxito,42,AO,1625807937,98,-8.5785,13.6643,70.45,3.0
247,Minot,20,US,1625807752,91,48.2325,-101.2963,63.59,11.01
248,Ust'-Omchug,94,RU,1625807941,63,61.15,149.6333,65.01,11.36
249,Villa Bruzual,29,VE,1625807943,97,9.3328,-69.1208,70.66,4.03
250,Kabare,97,CD,1625807945,78,-2.4683,28.8242,61.97,1.03
251,Petrovskoye,6,RU,1625807947,60,57.0104,39.2693,74.93,4.07
252,Yar-Sale,100,RU,1625807950,52,66.8333,70.8333,68.61,19.73
253,Te Anau,98,NZ,1625807952,94,-45.4167,167.7167,40.5,2.19
254,Itapecerica,0,BR,1625807953,60,-20.4725,-45.1256,53.37,2.62
255,Promyshlennovskiy,53,RU,1625807955,51,55.4833,86.2,72.37,3.6
256,Camacha,75,PT,1625807957,64,33.0833,-16.3333,65.62,19.57
257,Pergamino,21,AR,1625807959,83,-33.89,-60.5736,60.51,9.31
258,Decatur,1,US,1625807678,100,39.8403,-88.9548,65.95,3.44
259,Gezing,75,AT,1625807963,98,47.9178,13.1299,61.97,1.14
260,Zhangjiakou Shi Xuanhua Qu,85,CN,1625807965,31,40.6103,115.0447,89.85,2.44
261,Sonoita,97,MX,1625807967,50,31.85,-112.8333,92.53,5.08
262,Shingū,96,JP,1625807969,74,33.7333,135.9833,81.91,12.28
263,Tasiilaq,100,GL,1625807971,68,65.6145,-37.6368,41.16,5.57
264,Olafsvik,56,IS,1625807972,95,64.8945,-23.7142,51.28,12.88
265,Moyale,100,KE,1625807975,71,3.5167,39.0584,63.72,11.16
266,Raudeberg,98,NO,1625807977,95,61.9875,5.1352,61.2,4.76
267,Sola,93,VU,1625807979,73,-13.8833,167.55,79.95,22.57
268,Wajir,99,KE,1625807981,64,1.7471,40.0573,75.2,17.76
269,Sovetskaya Gavan',89,RU,1625807983,80,48.9723,140.2878,63.79,10.65
270,Sambava,75,MG,1625807984,80,-14.2667,50.1667,72.77,12.57
271,Geraldton,75,AU,1625807987,94,-28.7667,114.6,59.41,17.27
272,Pringsewu,47,ID,1625807989,51,-5.3582,104.9744,90.0,4.03
273,São Filipe,54,CV,1625807991,79,14.8961,-24.4956,73.83,8.99
274,Chokurdakh,96,RU,1625807993,54,70.6333,147.9167,75.58,11.81
275,Port Blair,75,IN,1625807995,84,11.6667,92.75,84.24,12.66
276,Altay,62,CN,1625807997,36,47.8667,88.1167,83.93,13.33
277,Behshahr,78,IR,1625807998,68,36.6923,53.5526,84.15,4.88
278,Redondo,0,PT,1625808000,56,38.6487,-7.5471,61.18,5.99
279,Anadyr,20,RU,1625808004,45,64.75,177.4833,66.7,20.13
280,Chapais,100,CA,1625808006,65,49.7834,-74.8492,56.98,4.47
281,Benguela,0,AO,1625808008,87,-12.5763,13.4055,66.85,2.48
282,Mount Isa,0,AU,1625808010,12,-20.7333,139.5,76.77,12.66
283,Nangomba,26,TZ,1625808011,73,-10.9,38.5,67.96,5.95
284,Oxapampa,86,PE,1625808013,94,-10.5775,-75.4017,58.32,1.36
285,Bathsheba,29,BB,1625808015,78,13.2167,-59.5167,79.47,17.34
286,Port Lincoln,43,AU,1625808018,66,-34.7333,135.8667,59.59,11.3
287,Pevek,99,RU,1625808020,88,69.7008,170.3133,39.04,6.53
288,Takoradze,96,GH,1625808022,89,4.8845,-1.7554,75.27,9.48
289,Aswān,1,EG,1625808023,23,24.0934,32.907,90.3,13.27
290,Champotón,99,MX,1625808025,68,19.35,-90.7167,82.71,16.37
291,Amapá,36,BR,1625808027,99,1.0,-52.0,70.0,1.32
292,Shakhtinsk,97,KZ,1625808029,30,49.71,72.5872,77.56,13.89
293,Aberdeen,90,GB,1625807937,99,57.1437,-2.0981,56.5,4.61
294,Ulaangom,59,MN,1625807798,40,49.9811,92.0667,69.44,7.36
295,Kununurra,72,AU,1625808034,18,-15.7667,128.7333,91.38,9.22
296,Lompoc,1,US,1625808036,79,34.6391,-120.4579,74.1,3.44
297,Bandarbeyla,89,SO,1625808039,55,9.4942,50.8122,82.69,31.88
298,Porto Velho,0,BR,1625808041,94,-8.7619,-63.9039,71.65,0.0
299,Kaniama,0,CD,1625808043,49,-7.5667,24.1833,60.39,5.32
300,Cidreira,0,BR,1625808045,93,-30.1811,-50.2056,58.95,6.64
301,Nur-Sultan,0,KZ,1625808047,60,51.1801,71.446,73.35,22.37
302,Teya,99,RU,1625808049,62,60.3778,92.6267,63.82,3.42
303,Pyn U Lwin,100,MM,1625808050,95,22.0333,96.4667,78.17,0.38
304,Ostrovnoy,74,RU,1625808052,85,68.0531,39.5131,57.47,16.55
305,Angoram,98,PG,1625808054,90,-4.0625,144.0661,78.44,2.62
306,Batemans Bay,100,AU,1625808056,67,-35.7167,150.1833,61.2,4.23
307,Korla,99,CN,1625808058,32,41.7597,86.1469,79.27,10.63
308,Aykhal,100,RU,1625808060,95,66.0,111.5,43.21,15.46
309,Nuuk,2,GL,1625808059,75,64.1835,-51.7216,43.88,5.75
310,Mānvi,100,IN,1625808064,81,15.9833,77.05,76.82,7.78
311,Kédougou,37,SN,1625808065,88,12.5579,-12.1743,76.75,6.91
312,Nemuro,83,JP,1625808067,91,43.3236,145.575,70.23,11.39
313,Araripe,0,BR,1625808069,78,-7.2125,-40.0461,65.53,11.16
314,Eureka,76,US,1625808072,79,40.8021,-124.1637,56.93,1.99
315,Maxixe,20,MZ,1625808074,94,-23.8597,35.3472,55.22,0.0
316,Bukachacha,61,RU,1625808075,35,52.9833,116.9167,85.66,7.25
317,Egvekinot,98,RU,1625808077,69,66.3167,-179.1667,46.76,17.83
318,Iqaluit,90,CA,1625808079,93,63.7506,-68.5145,38.93,13.0
319,Caravelas,58,BR,1625808081,81,-17.7125,-39.2481,67.5,2.08
320,Najrān,80,SA,1625808083,16,17.4924,44.1277,90.25,8.1
321,Kumul,100,CN,1625808085,22,42.8,93.45,92.53,20.04
322,Rodolfo Sánchez Taboada,27,MX,1625808087,83,31.7167,-116.5667,67.1,3.33
323,Sandakan,40,MY,1625808088,74,5.8402,118.1179,85.68,5.75
324,Deputatsky,83,RU,1625808090,35,69.3,139.9,80.73,21.88
325,Casselman,99,CA,1625808092,100,45.3168,-75.0826,60.84,5.75
326,Mettmann,40,DE,1625808094,94,51.25,6.9667,62.01,4.61
327,Richards Bay,0,ZA,1625808096,55,-28.783,32.0377,59.83,6.46
328,Beloha,0,MG,1625808098,71,-25.1667,45.05,65.19,10.13
329,Santa Cruz das Palmeiras,0,BR,1625807803,60,-21.8269,-47.2486,51.98,2.13
330,Willowmore,1,ZA,1625808102,87,-33.2926,23.4895,37.08,4.38
331,Itaituba,76,BR,1625808104,84,-4.2761,-55.9836,73.62,2.15
332,Khovd,34,MN,1625808106,46,48.0056,91.6419,72.37,6.87
333,Yarega,83,RU,1625808108,47,63.4354,53.5765,80.1,9.6
334,Bonfim,99,BR,1625808109,88,3.0833,-59.95,74.89,3.76
335,Esperance,100,AU,1625808111,62,-33.8667,121.9,64.58,18.37
336,Illela,100,NG,1625808113,80,13.7292,5.2975,72.52,11.05
337,Vila Velha,0,BR,1625807954,94,-20.3297,-40.2925,60.75,1.14
338,Norman Wells,75,CA,1625808117,52,65.282,-126.8329,68.04,3.44
339,Sistranda,38,NO,1625808119,84,63.7256,8.834,62.56,6.31
340,Funtua,59,NG,1625808120,89,11.5233,7.3081,69.46,6.58
341,St Albans,16,GB,1625808122,96,51.75,-0.3333,60.15,3.44
342,Oranjestad,40,AW,1625807843,78,12.524,-70.027,82.35,21.85
343,Saquarema,0,BR,1625808126,90,-22.92,-42.5103,63.66,3.56
344,Buraidah,1,SA,1625807934,9,26.326,43.975,97.25,2.08
345,Marabba,90,SD,1625808130,76,12.35,32.1833,76.05,17.25
346,Kodinsk,39,RU,1625808131,45,58.6881,99.1844,67.66,6.62
347,Manjacaze,0,MZ,1625808133,95,-24.7117,33.8828,57.7,5.3
348,Lavrentiya,100,RU,1625808135,96,65.5833,-171.0,43.0,6.08
349,Shirokiy,61,RU,1625808137,60,49.758,129.523,80.13,8.14
350,Azua,69,DO,1625808139,79,18.4532,-70.7349,76.82,4.07
351,Winnemucca,40,US,1625808142,8,40.973,-117.7357,78.12,5.75
352,Tinaquillo,37,VE,1625808144,97,9.9186,-68.3047,68.92,3.13
353,Aiken,75,US,1625808145,97,33.5835,-81.5998,76.1,6.91
354,Puerto Carreño,100,CO,1625808148,92,6.189,-67.4859,75.15,4.79
355,San Policarpo,92,PH,1625808149,76,12.1791,125.5072,83.62,7.49
356,Salinópolis,16,BR,1625808151,81,-0.6136,-47.3561,78.51,10.25
357,Tyukhtet,96,RU,1625808153,46,56.5389,89.3011,70.61,7.16
358,Los Llanos de Aridane,40,ES,1625808155,82,28.6585,-17.9182,65.95,19.57
359,Vardø,75,NO,1625808157,87,70.3705,31.1107,53.8,12.66
360,Cabo San Lucas,11,MX,1625808092,79,22.8909,-109.9124,85.8,11.01
361,Moree,90,AU,1625808161,77,-29.4667,149.85,60.82,12.66
362,Aklavik,81,CA,1625808162,36,68.2191,-135.0107,70.63,8.66
363,Plettenberg Bay,3,ZA,1625808164,64,-34.0527,23.3716,51.6,10.47
364,Taltal,4,CL,1625808166,83,-25.4,-70.4833,55.96,1.52
365,Rio Grande,0,BR,1625808147,94,-32.035,-52.0986,49.95,6.35
366,Bereket,0,TM,1625808170,20,39.2446,55.5154,85.89,5.55
367,Atambua,85,ID,1625808172,52,-9.1061,124.8925,84.0,3.65
368,Mizdah,0,LY,1625808174,69,31.4451,12.9801,70.65,4.27
369,Yulara,7,AU,1625808175,19,-25.2406,130.9889,69.64,9.22
370,Verāval,100,IN,1625808178,69,20.9,70.3667,86.2,14.97
371,Quatre Cocos,96,MU,1625808180,79,-20.2078,57.7625,76.08,22.68
372,Marystown,75,CA,1625808182,94,47.1666,-55.1483,49.77,12.97
373,Nanortalik,100,GL,1625808183,96,60.1432,-45.2371,42.19,0.83
374,Paamiut,99,GL,1625808185,92,61.994,-49.6678,40.37,20.18
375,Berwick,100,US,1625808188,90,41.0545,-76.2333,71.46,2.59
376,Saskylakh,99,RU,1625808190,45,71.9167,114.0833,46.33,14.03
377,Tiksi,100,RU,1625808191,85,71.6872,128.8694,37.98,12.17
378,Belaya Gora,12,RU,1625808193,23,68.5333,146.4167,92.28,17.38
379,Fairbanks,75,US,1625808066,64,64.8378,-147.7164,64.74,1.01
380,Constantine,75,DZ,1625808197,88,36.365,6.6147,69.21,2.3
381,Daru,97,PG,1625808199,89,-9.0763,143.2092,78.69,14.97
382,Quthing,11,LS,1625808201,71,-30.4,27.7003,37.83,1.59
383,Galveston,100,US,1625808203,89,29.3669,-94.9669,80.96,1.01
384,Leningradskiy,100,RU,1625808204,96,69.3833,178.4167,37.36,1.36
385,Morón,20,AR,1625807972,95,-34.6534,-58.6198,64.29,1.99
386,Coahuayana Viejo,94,MX,1625808208,91,18.7333,-103.6833,78.22,0.83
387,Laguna,1,US,1625808210,33,38.421,-121.4238,90.32,6.91
388,Dunedin,100,NZ,1625808212,58,-45.8742,170.5036,42.8,17.0
389,Tuatapere,100,NZ,1625808214,81,-46.1333,167.6833,41.11,18.01
390,Cairns,75,AU,1625808216,73,-16.9167,145.7667,85.06,3.44
391,Listvyanskiy,0,RU,1625808218,54,54.4399,83.4984,72.19,6.8
392,Bugarama,83,TZ,1625808220,57,-2.8706,30.5281,64.53,1.19
393,Roebourne,0,AU,1625808222,34,-20.7833,117.1333,74.52,12.06
394,Teguise,20,ES,1625808224,77,29.0605,-13.564,64.62,27.63
395,Itarema,13,BR,1625808226,82,-2.9248,-39.9167,77.04,12.71
396,Paka,20,MY,1625808228,74,4.6374,103.4368,85.93,2.3
397,Rawson,49,AR,1625808230,58,-43.3002,-65.1023,51.49,12.86
398,Kyzyl-Suu,20,KG,1625808231,27,42.3414,78.0056,77.86,7.31
399,Coquimbo,90,CL,1625808233,87,-29.9533,-71.3436,53.33,3.44
400,Faanui,12,PF,1625808235,70,-16.4833,-151.75,80.44,16.69
401,Ust'-Kut,55,RU,1625808237,37,56.7938,105.7672,68.23,8.34
402,Iringa,6,TZ,1625808239,67,-7.7667,35.7,53.46,6.26
403,Chardara,0,KZ,1625808241,29,41.2547,67.9692,85.71,12.35
404,Pangnirtung,100,CA,1625808243,59,66.1451,-65.7125,46.13,1.74
405,Lüderitz,1,NA,1625808245,80,-26.6481,15.1594,54.16,9.71
406,Nkayi,36,CG,1625808248,91,-4.1841,13.2884,67.01,2.33
407,Puro,100,PH,1625808249,65,12.4841,123.3827,87.42,8.61
408,Pangody,89,RU,1625808251,35,65.85,74.4859,67.68,16.02
409,Hambantota,44,LK,1625808253,66,6.1241,81.1185,85.8,23.2
410,Ordzhonīkīdze,92,KZ,1625808255,35,52.4411,61.7408,73.8,27.47
411,Mildura,5,AU,1625807963,47,-34.2,142.15,57.16,6.91
412,Tyumen,0,RU,1625808259,41,57.1522,65.5272,80.69,4.47
413,Jutaí,41,BR,1625808261,98,-5.1833,-68.9,70.97,0.4
414,Tadine,51,NC,1625808263,59,-21.55,167.8833,70.38,10.74
415,Sørland,100,NO,1625808264,94,67.667,12.6934,55.47,10.22
416,Bethanien,0,NA,1625808266,93,-26.502,17.1583,39.72,2.64
417,Skopin,36,RU,1625808268,67,53.8249,39.5505,74.19,6.78
418,Marsh Harbour,46,BS,1625808271,77,26.5412,-77.0636,81.68,11.9
419,Santa Fe,0,AR,1625808060,79,-31.6333,-60.7,63.91,4.0
420,Seoul,75,KR,1625808050,65,37.5683,126.9778,87.19,8.05
421,Atbasar,100,KZ,1625808277,51,51.8,68.3333,73.15,25.84
422,Sapa,88,PH,1625808279,71,5.1544,120.3241,83.39,6.17
423,Melenci,17,RS,1625808281,52,45.5139,20.3172,78.8,19.17
424,Goderich,100,CA,1625808283,94,43.7501,-81.7165,62.2,9.22
425,Terrace Bay,0,CA,1625808285,69,48.7834,-87.1,47.82,6.08
426,Umluj,24,SA,1625808287,55,25.0213,37.2685,87.75,8.88
427,Alofi,32,NU,1625808289,88,-19.0595,-169.9187,76.89,2.3
428,Salalah,90,OM,1625808291,94,17.0151,54.0924,78.89,6.91
429,Novobirilyussy,100,RU,1625808293,58,56.9514,90.6661,64.81,3.27
430,Marzuq,83,YE,1625808295,52,14.4,46.4667,82.74,6.02
431,Chimoio,75,MZ,1625808297,88,-19.1164,33.4833,57.06,3.09
432,Porto Murtinho,0,BR,1625808299,41,-21.6989,-57.8825,66.72,5.53
433,Murowana Goślina,99,PL,1625808301,99,52.5746,17.0093,66.24,7.34
434,Carutapera,16,BR,1625808303,92,-1.195,-46.02,74.73,5.5
435,Qeshm,5,IR,1625808304,63,26.9581,56.2719,96.67,7.18
436,Ati,82,TD,1625808306,62,13.2154,18.3353,81.34,8.03
437,Vila Franca do Campo,7,PT,1625808308,93,37.7167,-25.4333,70.21,4.29
438,Torbay,1,CA,1625808310,90,47.6666,-52.7314,46.27,5.75
439,Srandakan,48,ID,1625808312,71,-7.9386,110.2506,67.73,10.56
440,Labytnangi,100,RU,1625808314,63,66.6572,66.4183,68.92,11.95
441,Cayenne,75,GF,1625808316,83,4.9333,-52.3333,81.09,0.0
442,Chālūs,75,IR,1625808318,88,36.655,51.4204,76.46,4.61
443,Malakal,91,SS,1625808320,89,9.5334,31.6605,71.42,6.08
444,Iberia,1,US,1625808039,94,29.9502,-91.7507,75.97,4.61
445,Makushino,47,RU,1625808324,44,55.2103,67.2442,76.98,14.85
446,Creel,67,MX,1625808325,64,27.75,-107.6333,59.36,7.34
447,Gouré,85,NE,1625808328,57,13.9835,10.2704,81.81,10.87
448,Marsaxlokk,20,MT,1625808329,83,35.8419,14.5431,80.08,8.05
449,Hailar,25,CN,1625808331,47,49.2,119.7,81.37,5.59
450,Koundara,83,GN,1625808333,87,12.4833,-13.3,75.16,6.8
451,Mitsamiouli,0,KM,1625808336,67,-11.3847,43.2844,76.78,10.58
452,Toamasina,40,MG,1625808337,94,-18.1667,49.3833,69.8,8.05
453,Totskoye,34,RU,1625808339,44,52.5248,52.7623,75.94,15.03
454,Lodwar,70,KE,1625808342,51,3.1191,35.5973,80.15,11.45
455,Ondjiva,0,AO,1625808344,49,-17.0667,15.7333,49.21,7.07
456,Inuvik,90,CA,1625808346,49,68.3499,-133.7218,70.66,4.61
457,Praia,75,CV,1625808348,69,14.9215,-23.5087,75.74,13.8
458,Russellville,1,US,1625808333,96,35.2784,-93.1338,78.53,3.44
459,Mahon,0,ES,1625808352,64,39.8885,4.2658,72.16,6.91
460,Blind River,16,CA,1625808354,92,46.1834,-82.9582,53.85,3.47
461,Kiama,100,AU,1625808328,89,-34.6833,150.8667,56.68,1.99
462,Zhigansk,99,RU,1625808358,45,66.7697,123.3711,72.21,17.92
463,Voznesen'ye,97,RU,1625808359,85,61.0106,35.4781,70.14,8.01
464,Berestechko,0,UA,1625808362,73,50.3605,25.1107,75.0,12.19
465,Souillac,75,MU,1625808364,78,-20.5167,57.5167,76.35,18.41
466,Terme,85,TR,1625808366,74,41.2092,36.9739,79.97,7.47
467,Yatou,42,CN,1625808368,64,37.15,122.3833,82.65,12.48
468,Broome,90,US,1625808370,87,42.2506,-75.833,70.2,3.0
469,Irawan,100,PH,1625808372,68,9.8012,118.6923,86.4,3.76
470,Nichinan,100,JP,1625808373,65,31.6,131.3667,94.68,13.78
471,Riverton,1,US,1625808138,28,40.5219,-111.9391,88.34,4.0
472,Colares,0,PT,1625808377,78,38.7992,-9.4469,62.44,15.01
473,Bichura,100,RU,1625808379,91,50.5881,107.6022,52.86,4.99
474,Ust'-Karsk,12,RU,1625808381,35,52.7011,118.8077,89.19,1.95
475,Tessalit,43,ML,1625808383,22,20.1986,1.0114,90.61,9.04
476,Bonavista,18,CA,1625808385,86,48.6499,-53.1147,47.12,10.47
477,Prado,44,BR,1625808387,81,-17.3411,-39.2208,67.6,1.61
478,Saint-François,0,FR,1625808389,100,46.4154,3.9054,53.04,3.44
479,Voh,42,NC,1625808391,57,-20.9667,164.7,74.41,3.2
480,Moengo,93,SR,1625808393,99,5.6167,-54.4,72.52,2.39
481,Moba,100,CN,1625808395,63,33.2288,105.0179,75.63,5.01
482,Port Macquarie,75,AU,1625808397,100,-31.4333,152.9167,60.89,8.05
483,Shenjiamen,100,CN,1625808399,82,29.9576,122.298,80.33,4.9
484,Yangjiang,14,CN,1625808400,65,21.85,111.9667,91.94,6.6
485,Vao,29,NC,1625808402,60,-22.6667,167.4833,68.79,12.57
486,Zhicheng,100,CN,1625808404,82,30.2956,111.5047,82.31,0.56
487,Njeru,83,UG,1625808408,89,0.4186,33.1731,63.45,4.79
488,Gurupá,96,BR,1625808410,96,-1.405,-51.64,72.59,3.15
489,Mokhsogollokh,73,RU,1625808412,65,61.4681,128.9203,79.21,13.6
490,Gonder,38,ET,1625808413,82,12.6,37.4667,59.94,1.45
491,Marivan,0,IR,1625808415,16,35.5219,46.176,85.15,3.53
492,Saint-Louis,39,SN,1625808417,75,16.3333,-15.0,76.1,15.68
493,Karasjok,98,NO,1625808419,74,69.4719,25.5112,55.51,10.98
494,Iranshahr,19,IR,1625808421,38,27.2025,60.6848,97.14,0.0
495,Bhatkal,100,IN,1625808423,93,13.9667,74.5667,76.28,2.71
496,Chake Chake,26,TZ,1625808425,78,-5.2459,39.7666,75.63,10.92
497,Kutum,25,SD,1625808427,61,14.2,24.6667,74.28,9.84
498,Terra Rica,0,BR,1625808429,68,-22.7094,-52.6169,56.34,4.7
499,Atar,0,MR,1625808431,24,20.5169,-13.0499,81.99,13.04
500,Makakilo City,1,US,1625808432,62,21.3469,-158.0858,79.12,5.75
501,Mwinilunga,0,ZM,1625808434,70,-11.7358,24.4293,46.0,4.12
502,Namatanai,44,PG,1625808436,67,-3.6667,152.4333,84.6,9.19
503,Progreso,100,MX,1625808439,75,21.2833,-89.6667,82.51,16.22
504,Morristown,17,US,1625808441,43,36.214,-83.2949,72.75,4.38
505,Lucea,44,JM,1625808443,78,18.451,-78.1736,84.06,12.66
506,Bengkulu,26,ID,1625808445,67,-3.8004,102.2655,83.73,6.49
507,Puerto Lempira,19,HN,1625808447,89,15.2667,-83.7667,78.98,10.49
508,Manokwari,51,ID,1625808449,69,-0.8667,134.0833,83.41,5.39
509,Naze,100,JP,1625808451,72,28.3667,129.4833,85.12,11.83
510,Okha,83,RU,1625808453,71,53.5739,142.9478,68.07,11.54
511,Mount Gambier,64,AU,1625808455,62,-37.8333,140.7667,53.51,6.91
512,Kahului,40,US,1625808457,73,20.8947,-156.47,78.82,14.97
513,Rioblanco,80,CO,1625808459,94,3.5308,-75.6806,60.78,4.54
514,Beringovskiy,93,RU,1625808461,69,63.05,179.3167,52.83,11.01
515,Burnie,9,AU,1625808462,55,-41.0667,145.9167,53.29,5.06
516,Camocim,54,BR,1625808464,82,-2.9022,-40.8411,76.08,12.1
517,Whitehorse,75,CA,1625808466,50,60.7161,-135.0538,57.02,13.0
518,Kiryat Gat,0,IL,1625808468,100,31.61,34.7642,84.4,1.01
519,Kita,22,ML,1625808470,64,13.0349,-9.4895,80.42,4.14
520,Adrar,5,MR,1625808472,22,20.5022,-10.0711,83.19,19.46
521,Nelson Bay,100,AU,1625808474,96,-32.7167,152.15,55.0,1.01
522,Enid,1,US,1625808366,85,36.3956,-97.8784,79.3,3.0
523,Abbeyleix,100,IE,1625808480,91,52.8992,-7.3575,55.99,4.0
524,Mogok,99,MM,1625808482,89,22.9167,96.5,74.39,1.41
525,Launceston,4,AU,1625808484,62,-41.45,147.1667,57.15,1.01
526,Maykop,0,RU,1625808486,57,44.6078,40.1058,73.17,12.06
527,Santa Marta,90,CO,1625808488,66,11.2408,-74.199,84.97,15.99
528,Ojinaga,1,MX,1625808490,42,29.5667,-104.4167,83.35,6.91
529,Sur,65,OM,1625808492,46,22.5667,59.5289,93.45,9.53
530,Lebanon,90,US,1625808326,86,36.2081,-86.2911,77.85,9.22
531,Muborak,1,UZ,1625808495,22,39.2553,65.1528,94.62,24.38
532,Bintulu,40,MY,1625808497,62,3.1667,113.0333,91.81,6.91
533,Kattivākkam,100,IN,1625808500,57,13.2167,80.3167,84.29,11.74
534,Ola,87,RU,1625808502,84,59.5833,151.2833,55.67,11.07
535,Batagay-Alyta,100,RU,1625808503,46,67.8006,130.4114,76.82,25.21
536,Broken Hill,40,AU,1625808505,36,-31.95,141.4333,60.51,12.66
537,La Tijera,99,MX,1625808507,96,19.9,-104.4,60.04,1.99
538,Bata,40,GQ,1625808509,100,1.8639,9.7658,75.06,0.0
539,Dandong,42,CN,1625808511,68,40.1292,124.3947,80.71,10.2
540,Almendralejo,0,ES,1625808513,64,38.6832,-6.4075,64.27,4.0
541,Martapura,40,ID,1625808515,62,-3.4167,114.85,89.69,6.91
542,Batuan,100,PH,1625808517,79,9.7808,124.1484,84.29,2.26
543,Yate,61,GB,1625808519,92,51.5407,-2.4184,59.7,1.01
544,Bonthe,73,SL,1625808521,86,7.5264,-12.505,76.33,5.32
545,Río Cuarto,0,AR,1625808522,78,-33.1307,-64.3499,51.84,6.93
546,Aasiaat,0,GL,1625808525,92,68.7098,-52.8699,34.63,7.99
547,Mandera,86,KE,1625808527,56,3.9366,41.867,77.88,18.12
548,Mil'kovo,92,RU,1625808529,57,54.7167,158.6167,77.74,2.33
549,Emba,100,KZ,1625808531,78,48.8264,58.1442,59.83,15.64
550,Kasongo-Lunda,99,CD,1625808533,37,-6.4667,16.8167,61.34,1.1
551,Sobolevo,0,RU,1625808535,71,54.4299,31.8996,70.54,3.85
552,Sitka,90,US,1625808537,88,57.0531,-135.33,55.29,0.0
553,Guanare,65,VE,1625808539,83,9.0418,-69.7421,77.02,5.75
554,La Victoria,63,VE,1625808541,97,10.2184,-67.3302,75.63,4.36
555,Natal,0,BR,1625808487,88,-5.795,-35.2094,75.42,8.05
556,Kloulklubed,100,PW,1625808545,73,7.0419,134.2556,84.7,9.15
557,Pangyan,100,PH,1625808546,80,5.7008,125.2811,80.65,5.68
558,Gornyak,74,RU,1625808548,56,50.9942,81.4661,72.27,7.63
559,Sinjār,0,IQ,1625808550,16,36.3209,41.8754,94.3,5.61
560,Santa Cruz del Sur,43,CU,1625808552,91,20.7147,-77.9956,77.86,13.06
561,Sangar,95,RU,1625808555,89,63.9242,127.4739,67.71,8.25
562,Cabañas,5,CU,1625808557,88,22.9758,-82.9219,77.56,6.53
563,Saint-Augustin,54,CA,1625808559,65,51.226,-58.6502,51.15,7.09
564,Muroto-misakicho,99,JP,1625808561,87,33.2833,134.15,82.44,18.34
565,Allāpalli,99,IN,1625808562,80,19.4167,80.0667,80.31,0.45
566,Monterey,1,US,1625808564,32,36.2505,-121.2516,79.05,4.9
567,Pandan,100,PH,1625808566,70,14.0453,124.1694,86.25,9.08
568,Durban,3,ZA,1625808347,79,-29.8579,31.0292,66.02,13.0
569,Boguchany,76,RU,1625808570,46,58.3814,97.4531,67.87,4.74
570,Garissa,97,KE,1625808572,69,-0.4536,39.6401,74.39,17.69
571,San Cristobal,77,VE,1625808574,95,7.7669,-72.225,65.1,3.02
572,Puerto Escondido,100,MX,1625808576,87,15.85,-97.0667,79.48,5.14
573,Morgan City,1,US,1625808578,100,29.6994,-91.2068,77.04,0.0
574,Koster,0,ZA,1625808580,67,-25.863,26.8976,39.58,4.56
575,Waingapu,53,ID,1625808582,60,-9.6567,120.2641,85.87,12.62
576,Harwich,18,GB,1625808583,96,51.9419,1.2844,61.56,1.99
577,Comodoro Rivadavia,0,AR,1625808568,76,-45.8667,-67.5,44.46,4.61
578,Kashan,0,IR,1625808587,34,33.9831,51.4364,87.93,8.59
579,Novi Pazar,0,RS,1625808589,61,43.1367,20.5122,71.62,1.79
580,Neryungri,94,RU,1625808592,37,56.6709,124.6491,83.35,6.46
